Date,Ticker,Company,Yesterday High,Yesterday Low,Yesterday Range,2 Days Ago High,2 Days Ago Low,2 Days Ago Range,Range Status,ATR(14)
2026-10-07,AAPL,Apple,334.38,330.62,3.76,336.21,331.65,4.56,Contracting,6.59
2026-10-07,AMD,AMD,658.52,628,30.52,633.5,619.99,13.51,Expanding,24.48
2026-10-07,AMZN,Amazon,256.68,251.08,5.59,254.53,250.18,4.35,Expanding,5.33
2026-10-07,GOOG,Alphabet,345.67,341.7,3.97,344.99,339.15,5.84,Contracting,8.52
2026-10-07,META,Meta,747.6,736.69,10.91,746.7,727.12,19.58,Contracting,26.08
2026-10-07,MSFT,Microsoft,535.69,528.78,6.91,532.35,521.47,10.88,Contracting,11.29
2026-10-07,MU,Micron,1074.31,1045.26,29.05,1074.88,1055.56,19.32,Expanding,41.46
2026-10-07,NBIS,Neurabases,255.1,237,18.1,244.49,230.51,13.98,Expanding,15.33
2026-10-07,NFLX,Netflix,68.78,67.31,1.47,67.5,66.54,0.96,Expanding,1.8
2026-10-07,NVDA,NVIDIA,243.37,238.93,4.44,240.1,235.15,4.95,Contracting,5.27
2026-10-07,QQQ,Nasdaq ETF,762.86,759.1,3.76,756.92,749.08,7.84,Contracting,9.28
2026-10-07,SNDK,SanDisk,1716.5,1650,66.5,1743.24,1681,62.24,Expanding,89.75
2026-10-07,TSLA,Tesla,383.33,378.52,4.81,381.59,364.91,16.68,Contracting,11.06
